ts_code,name,last_chg
399006.SZ,创业板指,6.867965782973329
399005.SZ,中小板指,6.516183447556156
002669.SZ,康达新材,5.741983594332578
399001.SZ,深证成指,3.96477656874763
000001.SH,上证综指,0.23522570128904352
600419.SH,天润乳业,-1.0526315789473717
600299.SH,安迪苏,-1.4218009478673022
